{
    "data": [
        {"ourQualities" : [
            {
                "id": 1,
                "image": "./quality_food.svg",
                "title": "QUALITY FOOD",
                "description": "You will not get food like this in all around Maharashtra." 
            },
            {
                "id": 2,
                "image": "./super_taste.svg",
                "title": "SUPER TASTE",
                "description": "As we provide the delicious meal , we have been authorized by USDA organization of USA." 
            },
            {
                "id": 3,
                "image": "./fast_delivery.svg",
                "title": "FAST DELIVERY",
                "description": "We have our own delivery system to give you food on time and fresh ." 
            }
        ],
        "dishes": [
            {
                "id": 1,
                "image": "./dinner1.jpeg",
                "title": "ROASTED LAMB RUMP",
                "category": "Dinner"
            },
            {
                "id": 2,
                "image": "./dinner2.png",
                "title": "CITRUS CURED SALMON",
                "category": "Dinner"
            },
            {
                "id": 3,
                "image": "./breakfast1.png",
                "title": "PAN SEARED SEA BASS",
                "category": "Breakfast"
            },
            {
                "id": 4,
                "image": "./dinner3.png",
                "title": "STUFFED STRAWBERRY",
                "category": "Dinner"
            },
            {
                "id": 5,
                "image": "./lunch1.png",
                "title": "FAMOUS MUTTON BURGER",
                "category": "Lunch"
            },
            {
                "id": 6,
                "image": "./dinner4.png",
                "title": "MUSSELS SOUP",
                "category": "Dinner"
            },
            {
                "id": 7,
                "image": "./dinner5.png",
                "title": "ITALIAN SPAGHETTI",
                "category": "Dinner"
            },
            {
                "id": 8,
                "image": "./dinner6.png",
                "title": "GRILLED FISH",
                "category": "Dinner"
            }
        ],
        "team": [
            {
                "id": 1,
                "image": "./team_member_1.png",
                "name": "MUNJA",
                "designation": "Founder & Head Chef"
            },
            {
                "id": 2,
                "image": "./team_member_2.png",
                "name": "HARSHAD ADSUL",
                "designation": "Sous Chef"
            },
            {
                "id": 3,
                "image": "./team_member_3.png",
                "name": "KISHOR SUTAR",
                "designation": "Fast Food Chef"
            },
            {
                "id": 4,
                "image": "./team_member_4.png",
                "name": "AARYA RAUT",
                "designation": "Senior Chef"
            }
        ],
        "testimonials": [
            {
                "id": 1,
                "image": "./review1.png",
                "description": "Morbi nulla nec dui lacus, in. Libero in pretium metus massa. Sodales dignissim vitae mauris varius faucibus. Eleifend dui, non laoreet ac luctus facilisis diam. Enim scelerisque vel at id viverra tellus.",
                "rating": 4,
                "userName": "Jane Cooper"
            },
            {
                "id": 2,
                "image": "./review2.png",
                "description": "Tortor vel nunc netus pharetra enim, enim dolor mauris in. Sit nam fringilla in egestas. Libero condimentum quis in vulputate adipiscing venenatis augue. Venenatis faucibus.",
                "rating": 4.5,
                "userName": "Esther Howard"
            },
            {
                "id": 3,
                "image": "./review3.png",
                "description": "Tortor vel nunc netus pharetra enim, enim dolor mauris in. Sit nam fringilla in egestas. Libero condimentum quis in vulputate adipiscing venenatis augue. Venenatis faucibus.",
                "rating": 5,
                "userName": "Guy Hawkins"
            }
        ],
        "who_we_are": [
            {
                "id": 1,
                "number": "3",
                "title": "Restaurants"
            },
            {
                "id": 2,
                "number": "12",
                "title": "Chef In Kitchen"
            },
            {
                "id": 3,
                "number": "08",
                "title": "Years Of Experience"
            },
            {
                "id": 4,
                "number": "30",
                "title": "Food Dishes"
            }
        ],
        "navbarLinks": [
            {
                "id": 1,
                "title": "HOME",
                "link": "heroSection"
            },
            {
                "id": 2,
                "title": "ABOUT US",
                "link": "about"
            },
            {
                "id": 3,
                "title": "SERVICES",
                "link": "qualities"
            },
            {
                "id": 4,
                "title": "TEAM",
                "link": "team"
            },
            {
                "id": 5,
                "title": "RESERVATION",
                "link": "reservation"
            }
        ]
    
    } 
    ]
}